{
  "version": "7",
  "dialect": "postgresql",
  "entries": [
    {
      "idx": 0,
      "version": "7",
      "when": 1726443359662,
      "tag": "0000_soft_the_anarchist",
      "breakpoints": true
    },
    {
      "idx": 1,
      "version": "7",
      "when": 1740015874217,
      "tag": "0001_amused_umar",
      "breakpoints": true
    },
    {
      "idx": 2,
      "version": "7",
      "when": 1740434804672,
      "tag": "0002_short_roxanne_simpson",
      "breakpoints": true
    }
  ]
}